year,Germany,Denmark,Estonia,Finland,Lithuania,Latvia,Netherlands,Norway,Poland,Sweden
2010,13037702.0,698012.0,,1219391.0,294954.0,256252.0,11334566.0,636086.0,1050345.0,1397145.0
2011,15199723.0,782554.0,197717.0,1398619.0,382185.0,305239.0,12024928.0,670407.0,1357182.0,1495064.0
2012,15269690.0,763945.0,227809.0,1445102.0,381278.0,366417.0,12034495.0,687821.0,1657432.0,1501991.0
2013,15401010.0,752489.0,253855.0,1472143.0,402535.0,384750.0,11751977.0,707041.0,1969530.0,1455537.0
2014,15842604.0,750598.0,261069.0,1426630.0,450428.0,392126.0,12456588.0,728372.0,2139616.0,1471086.0
2015,14988243.0,753643.0,209154.0,1413646.0,392700.0,359420.0,12400607.0,735753.0,1860908.0,1457679.0
2016,15126366.0,715076.0,204177.0,1509479.0,443000.0,388260.0,12612142.0,716916.0,2032761.0,1509886.0
2017,15163474.0,820139.0,229905.0,1630089.0,472000.0,449712.0,13992474.0,764093.0,2384782.0,1557281.0
2018,15123221.0,833857.0,239576.0,1594271.0,749066.0,474393.0,14802257.0,802364.0,2834296.0,1600175.0
2019,15022386.0,880039.0,241361.0,1628170.0,703000.0,449850.0,15198050.0,837457.0,3046483.0,1623363.0
2020,13946212.0,933622.0,213928.0,1496192.0,639006.0,457342.0,14757227.0,835398.0,2915937.0,1612953.0
2021,14710963.0,1054552.0,226689.0,1409037.0,666775.0,434146.0,15781756.0,881238.0,3187943.0,1635183.0
2022,13733867.0,1079406.0,288208.0,1446004.0,1047941.0,471684.0,14929333.0,933300.0,3061848.0,1631248.0
2023,12608856.0,926423.0,221405.0,1368831.0,1050804.0,468895.0,14111298.0,882560.0,2995174.0,1598378.0
2024,13294081.0,935848.0,261822.0,1317452.0,1068771.0,490971.0,14517179.0,862983.0,3270784.0,1640487.0
