rep_mar,volume_2024_mt,cagr_2005_2024,volatility,worst_year_change,worst_year,shock_2009,vs_2019
EU-27,3355.946,0.0032072743464968134,0.0454785143920517,-0.12342650191633386,2009,-0.12342650191633386,-0.06325241427128325
Netherlands,538.12,0.008181375548751202,0.05172029750781791,-0.09134220606116905,2020,-0.08904534475704196,-0.10733036838464483
Germany,273.908,-0.0020622443435930338,0.05953380149531016,-0.18018251225688942,2009,-0.18018251225688942,-0.07002610912868845
Norway,212.081,0.0026506600164000194,0.035978739562813125,-0.05550556451946542,2009,-0.05550556451946542,0.0041381204221451195
Sweden,163.757,-0.004415752667151884,0.0533394470690199,-0.1382217299151125,2009,-0.1382217299151125,-0.03986936918449546
Poland,124.238,0.04405189581697866,0.10096216855312476,-0.08923099479510299,2024,-0.07687424487539163,0.3235958407909316
Denmark,93.755,-0.0032242809049282117,0.05263783475119373,-0.14571708641230585,2009,-0.14571708641230585,0.0002987399575362648
Finland,93.024,-0.003576415119790566,0.08455092584866589,-0.18728263238178255,2009,-0.18728263238178255,-0.22793971183852335
Lithuania,39.493,0.02194400034632893,0.09017720987462567,-0.18973372481522732,2022,-0.05593886582918717,-0.24406630426460452
Latvia,33.577,-0.02983315933663,0.11891016180342946,-0.28701351488669846,2020,-0.021846003581312057,-0.4313416658198692
Estonia,21.722,-0.03931753116398895,0.13103841280315487,-0.3097345132743363,2023,0.06393854825785406,-0.42473516949152545
