port,volume_kt,cagr,volatility,max_drawdown,diversification,Growth,Stability,Downside protection,Cargo diversification,index,rank,rank_p5,rank_p95,top5_share
Skellefteå,2062.0,0.03435019062102618,0.06543751313036815,-0.11117974058060531,0.6179073437262004,100.0,97.82381200577352,99.53002621187407,82.75696990232042,95.027702029992,1,1,3,0.9925
Oskarshamn,1050.0,0.02885985245649536,0.07315532749094097,-0.1091581868640148,0.6537455606141946,91.94635049750211,95.5538793799715,100.0,88.27974973191016,93.94499490234594,2,1,2,0.9995
Karlshamn,4703.0,0.0015223438599505368,0.07309788296084735,-0.1504696531791907,0.6740199443815726,51.845594239820954,95.57077473491805,90.39584941135026,91.40409484310196,82.3040783072978,3,3,6,0.906
Göteborg,37506.0,-0.0008201564007577211,0.07056566565418283,-0.14631229560208914,0.6440876169850329,48.40943502814762,96.31554033972222,91.3623580294837,86.79143081143626,80.71969105219745,4,4,7,0.709
Helsingborg,7982.0,-0.0022642047920941044,0.05803843231086005,-0.124765581908439,0.5831255258051555,46.29119399090124,100.0,96.37156979227989,77.39698441389173,80.01493704926821,5,3,8,0.5865
Uddevalla,1167.0,0.012075823695344212,0.12013404279854577,-0.16103522645578716,0.5630414813542073,67.32624863284649,81.73668793004896,87.93954936066505,74.30197117880418,77.82611427559118,6,3,8,0.329
Trelleborg,11671.0,0.006424719164978443,0.058249730900682375,-0.148373388042204,0.4200430483712685,59.036774683215356,99.93785370567166,90.88319222062644,52.265471321422105,75.5308229827339,7,3,10,0.3035
Norrköping,3414.0,-0.004262714954035629,0.11822795840478728,-0.30526559962885647,0.7298001715257036,43.35962586356117,82.29729783212534,54.4086595867902,100.0,70.01639582061918,8,4,9,0.126
Gävle,3952.0,-0.03382186184820479,0.13810144202898209,-0.29112107623318384,0.7089552105017292,0.0,76.45218848389355,57.696999237102155,96.78772717259947,57.7342287233988,9,7,13,0.0105
Luleå,7655.0,-0.0033722630626255024,0.09785862540828007,-0.1617832786057085,0.1327939500699883,44.66580905617082,88.28824441031763,87.76564109410303,7.999498739019617,57.179798324902784,10,8,12,0.0
Sundsvall,1610.0,-0.02695926616021216,0.10945206820888267,-0.3302540415704388,0.5735426873963196,10.066582183498179,84.87842748171973,48.59930976725775,75.92023943966659,54.86613971803557,11,9,12,0.0
Ystad,2645.0,-0.015078543283201906,0.11006640146421832,-0.3264586160108548,0.08088390120868527,27.494138559877694,84.69774224698209,49.48167589641314,0.0,40.418389175818234,12,10,13,0.0
Stockholm,8909.0,0.016473971291953937,0.39804034570888347,-0.5392999878890639,0.6367843039447978,73.77778916493594,0.0,0.0,85.66596773179006,39.8609392241815,13,6,13,0.0375
