time,Bergs Oljehamn,Brofjorden,Elleholm,Falkenberg,Grisslehamn,Gävle,Göteborg,Halmstad,Hargshamn,Helsingborg,Husum,Härnösand,Hönsäter,Iggesund,Jätterssön,Kalix,Kalmar,Kappelshamn,Kappelskär,Karlshamn,Karlskrona,Karlstad,Klintehamn,Kristinehamn,Köping,Landskrona,Lidköping,Luleå,Lysekil,Malmö,Norrköping,Norrsundet,Norrtälje,Nynäshamn (ports),Oskarshamn,Otterbäcken,Oxelösund (ports),Piteå,Skattkärr,Skellefteå,Skutskär,Slite (ports),Stenungsund (Ports),Stockholm,Storugns,Strängnäs,Strömstad,Sundsvall,Söderhamn,Södertälje,Sölvesborg,Söråker,Trelleborg,Trollhättan (Ports),Uddevalla,Umeå,Underås,Varberg,Visby,Vänersborg,Västervik,Västerås,Ystad,Älvenäs,Åhus,Åmål,Örnsköldsvik
2005,1026.0,19221.0,,,,3657.0,36479.0,3210.0,,6975.0,2391.0,,,1147.0,1730.0,,,,2585.0,7287.0,1202.0,,,,1518.0,,,7723.0,,8072.0,3836.0,1109.0,,2998.0,,,6903.0,1816.0,,1921.0,1038.0,2454.0,3712.0,5027.0,2504.0,,,2084.0,,,,,10684.0,,1059.0,1807.0,,2205.0,,,,1850.0,2633.0,,,,
2006,1026.0,18591.0,,,,4255.0,39912.0,2751.0,,7563.0,2198.0,,,1056.0,,,,,2865.0,7650.0,1369.0,,,,1342.0,,,7486.0,,9003.0,3712.0,,,2832.0,,,6481.0,1527.0,,1832.0,,2856.0,3305.0,5067.0,2692.0,,,2184.0,,,,,11381.0,,1068.0,1850.0,,1809.0,,,,1995.0,3086.0,,,,
2007,1047.0,17347.0,,,,4649.0,40353.0,2883.0,,7665.0,2365.0,,,,1111.0,,1061.0,,3170.0,7328.0,1227.0,,,,1204.0,,,8674.0,,10672.0,3543.0,,,3034.0,,,7153.0,1771.0,,1931.0,,2427.0,3177.0,4599.0,2633.0,,,2117.0,,,1283.0,,12747.0,,1191.0,1855.0,,1763.0,,,,1926.0,2362.0,,,,
2008,934.0,20035.0,,,,4975.0,42331.0,2331.0,,7575.0,2057.0,,,,1108.0,,1213.0,,3209.0,7102.0,1095.0,,,,1172.0,,,8960.0,,11107.0,3798.0,,,3324.0,1288.0,,7390.0,1591.0,,1695.0,,2636.0,3421.0,4555.0,2233.0,,,2328.0,,,847.0,,12434.0,,1069.0,1841.0,,1678.0,,,,1780.0,2129.0,,,,
2009,1067.0,19893.0,,,,4340.0,38934.0,1850.0,,6585.0,1312.0,,,,940.0,,772.0,,2122.0,5798.0,1240.0,,,,856.0,,,6462.0,,9274.0,,,,3067.0,897.0,,4248.0,1356.0,,1618.0,,,2953.0,4189.0,,,,1931.0,,,455.0,,10211.0,,825.0,1739.0,,1599.0,,,,1560.0,2349.0,,,,
2010,1086.0,,,,,3994.0,42938.0,2069.0,,7430.0,1880.0,,,,1407.0,,960.0,,2525.0,5988.0,1000.0,,,,1035.0,,,9287.0,,9647.0,,,,,1236.0,,7339.0,1570.0,,1544.0,,,2970.0,4435.0,,,,1976.0,,1365.0,733.0,,10828.0,,993.0,1772.0,,1740.0,,,,1721.0,2782.0,,,,
2011,980.0,,,,,4325.0,41311.0,2012.0,,8145.0,1906.0,,,,1497.0,,1007.0,,2590.0,5671.0,1783.0,,,,1018.0,,,8979.0,,8038.0,3645.0,,,,934.0,,5665.0,1437.0,,1613.0,,,2994.0,4542.0,,,,2131.0,,1440.0,1245.0,,10808.0,,1102.0,1798.0,,1710.0,,,,1647.0,3017.0,,,,1395.0
2012,987.0,,,,,3947.0,41148.0,2446.0,,7908.0,2061.0,,,,1281.0,,1008.0,,2387.0,5153.0,1443.0,,,,1013.0,,,8250.0,,8884.0,3390.0,,,,863.0,,4040.0,1626.0,,1580.0,,,3021.0,4293.0,,,,2017.0,,1295.0,1115.0,,10696.0,,846.0,1765.0,,1698.0,,,,1575.0,2904.0,,,,840.0
2013,912.0,,112.0,360.0,33.0,4325.0,38380.0,1676.0,1313.0,7417.0,2130.0,,,1102.0,1296.0,,885.0,,2240.0,4403.0,1245.0,182.0,145.0,249.0,917.0,547.0,406.0,7995.0,118.0,8481.0,3194.0,,45.0,,730.0,351.0,4641.0,1637.0,,1508.0,,,2996.0,4768.0,,,158.0,2137.0,638.0,1012.0,673.0,68.0,9900.0,42.0,764.0,1760.0,,1852.0,673.0,69.0,277.0,1343.0,3209.0,,629.0,13.0,744.0
2014,885.0,,72.0,443.0,32.0,4545.0,36832.0,1784.0,1477.0,7814.0,2089.0,,,909.0,1251.0,,1058.0,,2262.0,5108.0,1605.0,161.0,161.0,251.0,999.0,663.0,414.0,7531.0,121.0,7884.0,3301.0,,21.0,,796.0,368.0,5313.0,1750.0,4.0,1543.0,,,3682.0,7659.0,,,190.0,2158.0,805.0,1006.0,618.0,132.0,10138.0,39.0,971.0,1791.0,,1753.0,717.0,34.0,186.0,1501.0,3047.0,,595.0,1.0,1102.0
2015,807.0,,96.0,421.0,32.0,5575.0,37815.0,1920.0,621.0,8165.0,1847.0,,,757.0,890.0,,1095.0,4.0,2318.0,4632.0,1824.0,155.0,197.0,245.0,1017.0,633.0,375.0,7918.0,133.0,7621.0,3563.0,,,,790.0,372.0,5851.0,1680.0,5.0,1471.0,,,3310.0,7566.0,,,210.0,2116.0,845.0,1017.0,613.0,88.0,10947.0,20.0,1035.0,1835.0,,1793.0,722.0,59.0,198.0,1479.0,3079.0,,635.0,4.0,880.0
2016,787.0,,319.0,376.0,38.0,4561.0,40974.0,2043.0,328.0,8886.0,1684.0,,,871.0,818.0,,928.0,4.0,2501.0,4299.0,1765.0,196.0,238.0,226.0,984.0,562.0,418.0,6637.0,111.0,7757.0,3798.0,,,,723.0,388.0,5634.0,1654.0,32.0,1519.0,,,3398.0,8257.0,,,184.0,2165.0,787.0,1062.0,732.0,83.0,10956.0,29.0,1051.0,2022.0,,1749.0,770.0,45.0,176.0,1403.0,3443.0,,617.0,,859.0
2017,672.0,,371.0,388.0,38.0,5556.0,40518.0,2022.0,354.0,8652.0,2030.0,,,972.0,810.0,,979.0,,2527.0,4497.0,1986.0,209.0,230.0,216.0,1086.0,556.0,460.0,7311.0,103.0,8254.0,4311.0,,,,793.0,358.0,5254.0,1671.0,33.0,1619.0,,,3762.0,5079.0,,,191.0,1946.0,847.0,1128.0,773.0,58.0,11268.0,3.0,1105.0,1953.0,66.0,1968.0,813.0,128.0,186.0,1579.0,3568.0,,490.0,16.0,731.0
2018,707.0,,348.0,538.0,47.0,5457.0,40635.0,1895.0,418.0,8886.0,2243.0,,,900.0,1351.0,,881.0,,2722.0,5268.0,1965.0,170.0,208.0,201.0,1092.0,548.0,441.0,7674.0,119.0,8342.0,3891.0,,,,813.0,330.0,4455.0,2124.0,23.0,1539.0,,,3489.0,4925.0,,,163.0,1852.0,705.0,1221.0,1004.0,114.0,11224.0,,1100.0,1907.0,80.0,2334.0,799.0,109.0,174.0,1491.0,3685.0,4.0,677.0,35.0,933.0
2019,822.0,,463.0,562.0,45.0,4953.0,38887.0,1903.0,801.0,8840.0,2114.0,,,945.0,1251.0,,869.0,,2646.0,5536.0,1808.0,280.0,257.0,181.0,1047.0,540.0,457.0,7353.0,95.0,7812.0,4228.0,,,,855.0,355.0,5413.0,1761.0,17.0,1439.0,,,3610.0,4720.0,,,153.0,2162.0,732.0,1312.0,736.0,118.0,11797.0,,1070.0,1896.0,52.0,2138.0,760.0,85.0,143.0,1639.0,3179.0,,615.0,18.0,905.0
2020,964.0,,368.0,450.0,38.0,5483.0,38455.0,2328.0,496.0,8529.0,2069.0,,,786.0,940.0,,800.0,,2899.0,5028.0,1773.0,239.0,251.0,198.0,1010.0,616.0,439.0,8522.0,84.0,7579.0,3926.0,,,,919.0,344.0,4994.0,1516.0,29.0,1641.0,,,3403.0,3804.0,,,39.0,2117.0,772.0,1075.0,678.0,83.0,11932.0,,1012.0,2013.0,70.0,1527.0,759.0,111.0,119.0,1585.0,2872.0,5.0,608.0,47.0,782.0
2021,,,,,,4281.0,36836.0,,632.0,8974.0,,,,,,233.0,880.0,,,5050.0,,,,,,,,7626.0,,,3686.0,109.0,,,937.0,,,,,1699.0,,,,10729.0,,,56.0,1733.0,,1114.0,,,13648.0,,1002.0,,,,,,147.0,,3377.0,,629.0,,744.0
2022,,,,,,4139.0,39956.0,,794.0,9065.0,,237.0,,,,183.0,808.0,,,4941.0,,,,,,,,7873.0,,,3731.0,152.0,,,1012.0,,,,,1728.0,,,,10605.0,,,120.0,1450.0,,,,,13238.0,,1391.0,,,,,,164.0,,3109.0,,564.0,,639.0
2023,,,,,,4194.0,34979.0,2255.0,691.0,7934.0,,86.0,35.0,,,451.0,920.0,,,4777.0,1868.0,202.0,235.0,172.0,899.0,,427.0,7880.0,,,2995.0,,,,1081.0,376.0,,1812.0,,1817.0,,,,8347.0,,6.0,122.0,1504.0,,1023.0,,,12332.0,12.0,1227.0,2036.0,,1540.0,647.0,53.0,182.0,1741.0,2693.0,,595.0,156.0,740.0
2024,,,,,,4498.0,38524.0,2342.0,656.0,7973.0,,130.0,2.0,,,447.0,909.0,,,4892.0,2371.0,128.0,255.0,170.0,802.0,,419.0,8207.0,,,3551.0,,,,963.0,396.0,,1882.0,,2066.0,,,,8456.0,,,51.0,1521.0,,941.0,,,11623.0,24.0,1197.0,2022.0,,1635.0,687.0,12.0,183.0,1610.0,2482.0,,503.0,169.0,907.0
2025,,,,,,3952.0,37506.0,2432.0,695.0,7982.0,,,,,,375.0,887.0,,,4703.0,2339.0,227.0,296.0,223.0,819.0,,420.0,7655.0,,,3414.0,,,,1050.0,415.0,,1870.0,,2062.0,,,,8909.0,,4.0,48.0,1610.0,,1054.0,,,11671.0,34.0,1167.0,2172.0,,1721.0,696.0,,241.0,1767.0,2645.0,,556.0,87.0,967.0
