time,Dry bulk,Liquid bulk,Containers,Other cargo,Ro-Ro (non-self-propelled),Ro-Ro (self-propelled),TOTAL
2005,24543,55786,9387,21006,13919,26771,151413
2006,27582,62715,9969,15519,16148,28813,160747
2007,25194,56011,11059,17807,17168,30122,157361
2008,25251,62962,11109,16303,17607,28273,161505
2009,21711,59176,10302,13001,14482,23851,142522
2010,26142,64544,12540,14852,16198,26651,160927
2011,25622,59372,13675,15949,16068,28234,158918
2012,23647,59623,13520,14004,14504,27857,153154
2013,24908,56325,12668,20468,13620,29066,157056
2014,27098,59089,13188,19738,13656,29861,162630
2015,27838,62068,12325,17265,13660,31010,164165
2016,25600,65068,13151,17195,13145,32309,166467
2017,28467,63809,13031,18466,14353,33529,171654
2018,28373,63169,13404,22042,14030,34172,175189
2019,27546,55722,13458,21884,13088,33543,165241
2020,27971,58619,12956,18970,12524,33077,164117
2021,29645,56174,13737,19186,14344,35734,168820
2022,31636,55520,13617,21288,13802,34406,170270
2023,26835,52012,12764,20581,12971,31304,156468
2024,28103,52454,13727,21635,12869,31380,160168
2025,27581,49717,14093,20241,12928,31560,156119
